"https://api.github.com/users/rashmisarode","rashmisarode",c,2
"https://api.github.com/users/nikolajssosnins","nikolajssosnins",c,2
"https://api.github.com/users/zhangyiwei","zhangyiwei",c,1
"https://api.github.com/users/yrzr","yrzr",c,1
"https://api.github.com/users/yash2710","yash2710",c,1
"https://api.github.com/users/vitalybuka","vitalybuka",c,1
"https://api.github.com/users/sunny868","sunny868",c,1
"https://api.github.com/users/sacefe","sacefe",c,1
"https://api.github.com/users/pmod","pmod",c,1
"https://api.github.com/users/phungmanhcuong","phungmanhcuong",c,1
"https://api.github.com/users/naman-modi","naman-modi",c,1
"https://api.github.com/users/kilianfriedrich","kilianfriedrich",c,1
"https://api.github.com/users/josemic","josemic",c,1
"https://api.github.com/users/jeon3029","jeon3029",c,1
"https://api.github.com/users/itsvinayak","itsvinayak",c,1
"https://api.github.com/users/ioquatix","ioquatix",c,1
"https://api.github.com/users/ghost","ghost",c,1
"https://api.github.com/users/dimmo","dimmo",c,1
"https://api.github.com/users/dhwani91","dhwani91",c,1
"https://api.github.com/users/badcf00d","badcf00d",c,1
"https://api.github.com/users/atmgnd","atmgnd",c,1
"https://api.github.com/users/ZhaoQi99","ZhaoQi99",c,1
"https://api.github.com/users/Nestastnikos","Nestastnikos",c,1
"https://api.github.com/users/MarcusSorealheis","MarcusSorealheis",c,1
"https://api.github.com/users/LatorreDev","LatorreDev",c,1
"https://api.github.com/users/EduApps-CDG","EduApps-CDG",c,1
"https://api.github.com/users/CoryXie","CoryXie",c,1
"https://api.github.com/users/CarDGee","CarDGee",c,1
