"https://api.github.com/users/ilyam8","ilyam8",c,7
"https://api.github.com/users/vkalintiris","vkalintiris",c,4
"https://api.github.com/users/underhood","underhood",c,3
"https://api.github.com/users/stelfrag","stelfrag",c,3
"https://api.github.com/users/OdysLam","OdysLam",c,3
"https://api.github.com/users/MrZammler","MrZammler",c,3
"https://api.github.com/users/vlvkobal","vlvkobal",c,2
"https://api.github.com/users/Ferroin","Ferroin",c,2
"https://api.github.com/users/liepumartins","liepumartins",c,1
"https://api.github.com/users/jacekkolasa","jacekkolasa",c,1
"https://api.github.com/users/eltociear","eltociear",c,1
