"https://api.github.com/users/yossigo","yossigo",c,6
"https://api.github.com/users/oranagra","oranagra",c,4
"https://api.github.com/users/guybe7","guybe7",c,4
"https://api.github.com/users/huangzhw","huangzhw",c,3
"https://api.github.com/users/hpatro","hpatro",c,2
"https://api.github.com/users/yjph2000","yjph2000",c,1
"https://api.github.com/users/yatsukhnenko","yatsukhnenko",c,1
"https://api.github.com/users/uriyage","uriyage",c,1
"https://api.github.com/users/sundb","sundb",c,1
"https://api.github.com/users/itamarhaber","itamarhaber",c,1
"https://api.github.com/users/hwware","hwware",c,1
"https://api.github.com/users/eltociear","eltociear",c,1
"https://api.github.com/users/chimney-lee","chimney-lee",c,1
"https://api.github.com/users/YaacovHazan","YaacovHazan",c,1
"https://api.github.com/users/MeirShpilraien","MeirShpilraien",c,1
"https://api.github.com/users/Axlgrep","Axlgrep",c,1
