"https://api.github.com/users/ohbus","ohbus",java,13
"https://api.github.com/users/allcontributors%5Bbot%5D","allcontributors[bot]",java,6
"https://api.github.com/users/iluwatar","iluwatar",java,2
"https://api.github.com/users/demirhalil","demirhalil",java,2
"https://api.github.com/users/xiaod-dev","xiaod-dev",java,1
"https://api.github.com/users/richardmr36","richardmr36",java,1
"https://api.github.com/users/noamgrinch","noamgrinch",java,1
"https://api.github.com/users/moustafafarhat","moustafafarhat",java,1
"https://api.github.com/users/jinishavora","jinishavora",java,1
"https://api.github.com/users/charlesfinley","charlesfinley",java,1
"https://api.github.com/users/ahad1105","ahad1105",java,1
