"https://api.github.com/users/dependabot%5Bbot%5D","dependabot[bot]",js,5
"https://api.github.com/users/dependabot%5Bbot%5D","dependabot[bot]",js,5
"https://api.github.com/users/XhmikosR","XhmikosR",js,2
"https://api.github.com/users/rohit2sharma95","rohit2sharma95",js,1
"https://api.github.com/users/patrickhlauke","patrickhlauke",js,1
"https://api.github.com/users/mohamed-khoualed","mohamed-khoualed",js,1
"https://api.github.com/users/mdo","mdo",js,1
"https://api.github.com/users/mdo","mdo",js,1
"https://api.github.com/users/kyletsang","kyletsang",js,1
"https://api.github.com/users/gopal-jayaraman","gopal-jayaraman",js,1
"https://api.github.com/users/ghost","ghost",js,1
"https://api.github.com/users/garrettjohnson","garrettjohnson",js,1
"https://api.github.com/users/brandboxmarketplace","brandboxmarketplace",js,1
"https://api.github.com/users/XhmikosR","XhmikosR",js,1
"https://api.github.com/users/XhmikosR","XhmikosR",js,1
"https://api.github.com/users/WinterSilence","WinterSilence",js,1
"https://api.github.com/users/WinterSilence","WinterSilence",js,1
"https://api.github.com/users/RyanBerliner","RyanBerliner",js,1
"https://api.github.com/users/GeoSot","GeoSot",js,1
"https://api.github.com/users/GeoSot","GeoSot",js,1
"https://api.github.com/users/GeoSot","GeoSot",js,1
