"https://api.github.com/users/vue-bot","vue-bot",js,7
"https://api.github.com/users/dependabot%5Bbot%5D","dependabot[bot]",js,4
"https://api.github.com/users/yuwu9145","yuwu9145",js,1
"https://api.github.com/users/yrk-creator","yrk-creator",js,1
"https://api.github.com/users/userQED","userQED",js,1
"https://api.github.com/users/teach-tian","teach-tian",js,1
"https://api.github.com/users/nodejs-ma","nodejs-ma",js,1
"https://api.github.com/users/mw-kyz","mw-kyz",js,1
"https://api.github.com/users/mangalan516","mangalan516",js,1
"https://api.github.com/users/linxz-coder","linxz-coder",js,1
"https://api.github.com/users/kevinlens","kevinlens",js,1
"https://api.github.com/users/kennyudekwu","kennyudekwu",js,1
"https://api.github.com/users/kaorihata","kaorihata",js,1
"https://api.github.com/users/bowencool","bowencool",js,1
"https://api.github.com/users/answershuto","answershuto",js,1
"https://api.github.com/users/adi302001","adi302001",js,1
"https://api.github.com/users/Pabitra-26","Pabitra-26",js,1
"https://api.github.com/users/KSH-code","KSH-code",js,1
"https://api.github.com/users/JodieShi","JodieShi",js,1
"https://api.github.com/users/GGupzHH","GGupzHH",js,1
"https://api.github.com/users/CodeDeli","CodeDeli",js,1
