"https://api.github.com/users/yazish","yazish",js,1
"https://api.github.com/users/yannoff","yannoff",js,1
"https://api.github.com/users/xrkffgg","xrkffgg",js,1
"https://api.github.com/users/vgtstptlk","vgtstptlk",js,1
"https://api.github.com/users/technicalreju","technicalreju",js,1
"https://api.github.com/users/tamojit-123","tamojit-123",js,1
"https://api.github.com/users/soupria","soupria",js,1
"https://api.github.com/users/shuank10","shuank10",js,1
"https://api.github.com/users/shahriar-azad-evan-github-io","shahriar-azad-evan-github-io",js,1
"https://api.github.com/users/samsch","samsch",js,1
"https://api.github.com/users/naoisegolden","naoisegolden",js,1
"https://api.github.com/users/michaelaflores","michaelaflores",js,1
"https://api.github.com/users/marsonya","marsonya",js,1
"https://api.github.com/users/k-yle","k-yle",js,1
"https://api.github.com/users/iamraufu","iamraufu",js,1
"https://api.github.com/users/iamrajesh-CODER","iamrajesh-CODER",js,1
"https://api.github.com/users/eltociear","eltociear",js,1
"https://api.github.com/users/drdogbot7","drdogbot7",js,1
"https://api.github.com/users/cihat","cihat",js,1
"https://api.github.com/users/amercier","amercier",js,1
"https://api.github.com/users/YuvRaj6392","YuvRaj6392",js,1
"https://api.github.com/users/Xenia18","Xenia18",js,1
"https://api.github.com/users/NisH-ChW18","NisH-ChW18",js,1
"https://api.github.com/users/Midhuna-sudo","Midhuna-sudo",js,1
"https://api.github.com/users/Kocal","Kocal",js,1
"https://api.github.com/users/JuliaMll","JuliaMll",js,1
"https://api.github.com/users/JamesBagula","JamesBagula",js,1
"https://api.github.com/users/HollowMan6","HollowMan6",js,1
"https://api.github.com/users/Danirashid","Danirashid",js,1
"https://api.github.com/users/Amir-ASattar","Amir-ASattar",js,1
